{"cameraMode":{"drawMode":0,"name":"Shaded","section":"Shading Mode"},"sceneLighting":true,"audioPlay":false,"sceneViewState":{"showFog":false,"showMaterialUpdate":false,"showSkybox":false,"showFlares":false,"showImageEffects":false,"showParticleSystems":false},"in2DMode":false,"pivot":{"x":40.38853454589844,"y":14.881528854370118,"z":38.16324234008789},"rotation":{"x":0.3818278908729553,"y":-0.5015400648117065,"z":0.262064129114151,"w":0.7307444214820862},"size":29.843229293823243,"orthographic":false}